-- phpMyAdmin SQL Dump
-- version 5.2.1
-- https://www.phpmyadmin.net/
--
-- Servidor: localhost:3306
-- Tiempo de generación: 12-11-2025 a las 09:54:45
-- Versión del servidor: 5.7.23-23
-- Versión de PHP: 8.1.33

SET SQL_MODE = "NO_AUTO_VALUE_ON_ZERO";
START TRANSACTION;
SET time_zone = "+00:00";


/*!40101 SET @OLD_CHARACTER_SET_CLIENT=@@CHARACTER_SET_CLIENT */;
/*!40101 SET @OLD_CHARACTER_SET_RESULTS=@@CHARACTER_SET_RESULTS */;
/*!40101 SET @OLD_COLLATION_CONNECTION=@@COLLATION_CONNECTION */;
/*!40101 SET NAMES utf8mb4 */;

--
-- Base de datos: `fix360_dunas`
--

-- --------------------------------------------------------

--
-- Estructura de tabla para la tabla `access_logs`
--

CREATE TABLE `access_logs` (
  `id` int(11) NOT NULL,
  `entry_datetime` datetime NOT NULL,
  `exit_datetime` datetime DEFAULT NULL,
  `driver_id` int(11) NOT NULL,
  `unit_id` int(11) NOT NULL,
  `client_id` int(11) NOT NULL,
  `liters_supplied` int(11) DEFAULT NULL,
  `ticket_code` varchar(50) COLLATE utf8mb4_unicode_ci NOT NULL,
  `license_plate_reading` varchar(20) COLLATE utf8mb4_unicode_ci DEFAULT NULL,
  `plate_discrepancy` tinyint(1) DEFAULT '0',
  `qr_code` varchar(255) COLLATE utf8mb4_unicode_ci DEFAULT NULL,
  `barcode` varchar(255) COLLATE utf8mb4_unicode_ci DEFAULT NULL,
  `status` enum('in_progress','completed','cancelled') COLLATE utf8mb4_unicode_ci NOT NULL DEFAULT 'in_progress',
  `created_at` timestamp NOT NULL DEFAULT CURRENT_TIMESTAMP,
  `updated_at` timestamp NOT NULL DEFAULT CURRENT_TIMESTAMP ON UPDATE CURRENT_TIMESTAMP
) ENGINE=InnoDB DEFAULT CHARSET=utf8mb4 COLLATE=utf8mb4_unicode_ci;

--
-- Volcado de datos para la tabla `access_logs`
--

INSERT INTO `access_logs` (`id`, `entry_datetime`, `exit_datetime`, `driver_id`, `unit_id`, `client_id`, `liters_supplied`, `ticket_code`, `license_plate_reading`, `plate_discrepancy`, `qr_code`, `barcode`, `status`, `created_at`, `updated_at`) VALUES
(1, '2024-10-27 08:00:00', '2024-10-27 09:30:00', 1, 1, 1, 10000, 'TKT20241027001', NULL, 0, NULL, NULL, 'completed', '2025-10-28 11:30:16', '2025-10-28 11:30:16'),
(2, '2024-10-27 10:00:00', '2024-10-27 11:45:00', 2, 2, 2, 15000, 'TKT20241027002', NULL, 0, NULL, NULL, 'completed', '2025-10-28 11:30:16', '2025-10-28 11:30:16'),
(3, '2024-10-27 13:00:00', '2024-10-27 14:20:00', 3, 3, 3, 12000, 'TKT20241027003', NULL, 0, NULL, NULL, 'completed', '2025-10-28 11:30:16', '2025-10-28 11:30:16'),
(4, '2024-10-28 08:30:00', NULL, 1, 1, 4, NULL, 'TKT20241028004', NULL, 0, NULL, NULL, 'in_progress', '2025-10-28 11:30:16', '2025-10-28 11:30:16'),
(5, '2025-10-28 20:49:01', NULL, 3, 3, 3, NULL, 'TKT202510285462', NULL, 0, 'qr_TKT202510285462.png', 'bar_TKT202510285462.png', 'in_progress', '2025-10-29 01:49:01', '2025-10-29 01:49:01'),
(6, '2025-10-28 20:49:06', NULL, 3, 3, 3, NULL, 'TKT202510288727', NULL, 0, 'qr_TKT202510288727.png', 'bar_TKT202510288727.png', 'in_progress', '2025-10-29 01:49:06', '2025-10-29 01:49:06'),
(7, '2025-10-28 20:49:11', NULL, 3, 3, 3, NULL, 'TKT202510282882', NULL, 0, 'qr_TKT202510282882.png', 'bar_TKT202510282882.png', 'in_progress', '2025-10-29 01:49:11', '2025-10-29 01:49:11'),
(8, '2025-10-28 20:49:16', NULL, 3, 3, 3, NULL, 'TKT202510281248', NULL, 0, 'qr_TKT202510281248.png', 'bar_TKT202510281248.png', 'in_progress', '2025-10-29 01:49:16', '2025-10-29 01:49:16'),
(9, '2025-10-28 20:49:21', NULL, 3, 3, 3, NULL, 'TKT202510283251', NULL, 0, 'qr_TKT202510283251.png', 'bar_TKT202510283251.png', 'in_progress', '2025-10-29 01:49:21', '2025-10-29 01:49:21'),
(10, '2025-10-28 20:49:26', NULL, 3, 3, 3, NULL, 'TKT202510285676', NULL, 0, 'qr_TKT202510285676.png', 'bar_TKT202510285676.png', 'in_progress', '2025-10-29 01:49:26', '2025-10-29 01:49:26'),
(11, '2025-10-28 20:49:55', NULL, 1, 2, 1, NULL, 'TKT202510287597', NULL, 0, 'qr_TKT202510287597.png', 'bar_TKT202510287597.png', 'in_progress', '2025-10-29 01:49:55', '2025-10-29 01:49:55'),
(12, '2025-10-28 20:50:00', NULL, 1, 2, 1, NULL, 'TKT202510289614', NULL, 0, 'qr_TKT202510289614.png', 'bar_TKT202510289614.png', 'in_progress', '2025-10-29 01:50:00', '2025-10-29 01:50:00'),
(13, '2025-10-28 20:50:16', NULL, 2, 1, 1, NULL, 'TKT202510289600', NULL, 0, 'qr_TKT202510289600.png', 'bar_TKT202510289600.png', 'in_progress', '2025-10-29 01:50:16', '2025-10-29 01:50:16'),
(14, '2025-10-28 20:50:21', NULL, 2, 1, 1, NULL, 'TKT202510283102', NULL, 0, 'qr_TKT202510283102.png', 'bar_TKT202510283102.png', 'in_progress', '2025-10-29 01:50:21', '2025-10-29 01:50:21'),
(15, '2025-10-28 20:50:26', NULL, 2, 1, 1, NULL, 'TKT202510280428', NULL, 0, 'qr_TKT202510280428.png', 'bar_TKT202510280428.png', 'in_progress', '2025-10-29 01:50:26', '2025-10-29 01:50:26'),
(16, '2025-10-28 20:50:54', NULL, 2, 1, 2, NULL, 'TKT202510282082', NULL, 0, 'qr_TKT202510282082.png', 'bar_TKT202510282082.png', 'in_progress', '2025-10-29 01:50:54', '2025-10-29 01:50:54'),
(17, '2025-10-28 20:51:33', NULL, 2, 1, 2, NULL, 'TKT202510288184', NULL, 0, 'qr_TKT202510288184.png', 'bar_TKT202510288184.png', 'in_progress', '2025-10-29 01:51:33', '2025-10-29 01:51:33'),
(18, '2025-10-28 21:02:40', NULL, 2, 1, 1, NULL, 'TKT202510285271', NULL, 0, 'qr_TKT202510285271.png', 'bar_TKT202510285271.png', 'in_progress', '2025-10-29 02:02:40', '2025-10-29 02:02:40'),
(19, '2025-10-28 21:03:33', NULL, 4, 3, 4, NULL, 'TKT202510283253', NULL, 0, 'qr_TKT202510283253.png', 'bar_TKT202510283253.png', 'in_progress', '2025-10-29 02:03:33', '2025-10-29 02:03:33'),
(20, '2025-10-28 21:04:09', NULL, 1, 1, 2, NULL, 'TKT202510283573', NULL, 0, 'qr_TKT202510283573.png', 'bar_TKT202510283573.png', 'in_progress', '2025-10-29 02:04:09', '2025-10-29 02:04:09'),
(21, '2025-10-28 21:07:20', NULL, 1, 1, 1, NULL, 'TKT202510284095', NULL, 0, 'qr_TKT202510284095.png', 'bar_TKT202510284095.png', 'in_progress', '2025-10-29 02:07:20', '2025-10-29 02:07:20'),
(22, '2025-10-28 23:24:20', NULL, 1, 1, 1, NULL, 'TKT202510281022', NULL, 0, 'qr_TKT202510281022.png', 'bar_TKT202510281022.png', 'in_progress', '2025-10-29 04:24:20', '2025-10-29 04:24:20'),
(23, '2025-10-28 23:31:51', '2025-10-29 02:24:49', 1, 3, 4, 1000, 'TKT202510285447', NULL, 0, 'qr_TKT202510285447.png', 'bar_TKT202510285447.png', 'completed', '2025-10-29 04:31:51', '2025-10-29 07:24:49'),
(24, '2025-10-28 23:37:46', NULL, 2, 1, 2, NULL, 'TKT202510285515', NULL, 0, 'qr_TKT202510285515.png', 'bar_TKT202510285515.png', 'in_progress', '2025-10-29 04:37:46', '2025-10-29 04:37:46'),
(25, '2025-10-28 23:40:31', '2025-10-29 01:33:00', 1, 1, 1, 10000, 'TKT202510289701', NULL, 0, 'qr_TKT202510289701.png', 'bar_TKT202510289701.png', 'completed', '2025-10-29 04:40:31', '2025-10-29 06:33:00'),
(26, '2025-10-29 01:29:32', NULL, 1, 1, 1, NULL, 'TKT202510293826', NULL, 0, 'qr_TKT202510293826.png', 'bar_TKT202510293826.png', 'in_progress', '2025-10-29 06:29:32', '2025-10-29 06:29:32'),
(27, '2025-10-29 01:31:03', NULL, 1, 1, 2, NULL, 'TKT202510290708', NULL, 0, 'qr_TKT202510290708.png', 'bar_TKT202510290708.png', 'in_progress', '2025-10-29 06:31:03', '2025-10-29 06:31:03'),
(28, '2025-10-29 02:05:42', '2025-10-29 02:23:48', 2, 1, 1, 1000, 'TKT202510292635', NULL, 0, 'qr_TKT202510292635.png', 'bar_TKT202510292635.png', 'completed', '2025-10-29 07:05:42', '2025-10-29 07:23:48'),
(29, '2025-10-29 02:07:25', '2025-10-29 02:23:00', 1, 1, 1, 10000, 'TKT202510297126', NULL, 0, 'qr_TKT202510297126.png', 'bar_TKT202510297126.png', 'completed', '2025-10-29 07:07:25', '2025-10-29 07:23:00'),
(30, '2025-10-29 07:22:45', NULL, 2, 2, 2, NULL, '2472', NULL, 0, 'qr_2472.png', 'bar_2472.png', 'in_progress', '2025-10-29 12:22:45', '2025-10-29 12:22:45'),
(31, '2025-10-29 07:23:16', NULL, 2, 2, 2, NULL, '2284', NULL, 0, 'qr_2284.png', 'bar_2284.png', 'in_progress', '2025-10-29 12:23:16', '2025-10-29 12:23:16'),
(32, '2025-10-29 07:24:08', NULL, 1, 1, 2, NULL, '5721', NULL, 0, 'qr_5721.png', 'bar_5721.png', 'in_progress', '2025-10-29 12:24:08', '2025-10-29 12:24:08'),
(33, '2025-10-29 07:25:01', NULL, 1, 1, 2, NULL, '8302', NULL, 0, 'qr_8302.png', 'bar_8302.png', 'in_progress', '2025-10-29 12:25:01', '2025-10-29 12:25:01'),
(34, '2025-10-29 10:53:59', NULL, 2, 1, 1, NULL, '9516', NULL, 0, 'qr_9516.png', 'bar_9516.png', 'cancelled', '2025-10-29 15:53:59', '2025-10-29 15:54:50'),
(35, '2025-10-29 10:55:31', NULL, 2, 1, 1, NULL, '4852', NULL, 0, 'qr_4852.png', 'bar_4852.png', 'in_progress', '2025-10-29 15:55:31', '2025-10-29 15:55:31'),
(36, '2025-10-29 10:56:02', '2025-10-29 10:57:00', 2, 1, 1, 10000, '2239', NULL, 0, 'qr_2239.png', 'bar_2239.png', 'completed', '2025-10-29 15:56:02', '2025-10-29 15:57:00'),
(37, '2025-10-29 11:16:02', '2025-10-29 11:24:48', 2, 1, 1, 10000, '7960', NULL, 0, 'qr_7960.png', 'bar_7960.png', 'completed', '2025-10-29 16:16:02', '2025-10-29 16:24:48'),
(38, '2025-10-29 11:25:37', NULL, 4, 3, 4, NULL, '6714', NULL, 0, 'qr_6714.png', 'bar_6714.png', 'in_progress', '2025-10-29 16:25:37', '2025-10-29 16:25:37'),
(39, '2025-10-29 11:29:38', NULL, 2, 2, 3, NULL, '3294', NULL, 0, 'qr_3294.png', 'bar_3294.png', 'in_progress', '2025-10-29 16:29:38', '2025-10-29 16:29:38'),
(40, '2025-10-29 12:55:37', NULL, 1, 2, 1, NULL, '2583', NULL, 0, 'qr_2583.png', 'bar_2583.png', 'in_progress', '2025-10-29 17:55:37', '2025-10-29 17:55:37'),
(41, '2025-10-29 12:56:57', NULL, 2, 2, 1, NULL, '6533', NULL, 0, 'qr_6533.png', 'bar_6533.png', 'in_progress', '2025-10-29 17:56:57', '2025-10-29 17:56:57'),
(42, '2025-10-29 12:58:11', NULL, 2, 1, 1, NULL, '5402', NULL, 0, 'qr_5402.png', 'bar_5402.png', 'in_progress', '2025-10-29 17:58:11', '2025-10-29 17:58:11'),
(43, '2025-10-29 13:00:17', '2025-10-29 13:01:15', 2, 3, 3, 12000, '4607', NULL, 0, 'qr_4607.png', 'bar_4607.png', 'completed', '2025-10-29 18:00:17', '2025-10-29 18:01:15'),
(44, '2025-10-29 15:02:55', '2025-10-29 15:03:53', 4, 3, 3, 12000, '4593', NULL, 0, 'qr_4593.png', 'bar_4593.png', 'completed', '2025-10-29 20:02:55', '2025-10-29 20:03:53'),
(45, '2025-10-29 15:16:16', '2025-10-29 15:16:55', 1, 1, 1, 10000, '4179', NULL, 0, 'qr_4179.png', 'bar_4179.png', 'completed', '2025-10-29 20:16:16', '2025-10-29 20:16:55'),
(46, '2025-10-30 05:25:32', '2025-10-30 05:27:57', 1, 1, 1, 10000, '1923', NULL, 0, 'qr_1923.png', 'bar_1923.png', 'completed', '2025-10-30 10:25:32', '2025-10-30 10:27:57'),
(47, '2025-10-30 05:30:33', NULL, 1, 1, 2, NULL, '1515', NULL, 0, 'qr_1515.png', 'bar_1515.png', 'in_progress', '2025-10-30 10:30:33', '2025-10-30 10:30:33'),
(48, '2025-10-30 05:33:47', NULL, 4, 1, 1, NULL, '5800', NULL, 0, 'qr_5800.png', 'bar_5800.png', 'in_progress', '2025-10-30 10:33:47', '2025-10-30 10:33:47'),
(49, '2025-10-30 05:34:20', NULL, 1, 1, 2, NULL, '9198', NULL, 0, 'qr_9198.png', 'bar_9198.png', 'in_progress', '2025-10-30 10:34:20', '2025-10-30 10:34:20'),
(50, '2025-10-30 05:36:31', NULL, 2, 2, 4, NULL, '1061', NULL, 0, 'qr_1061.png', 'bar_1061.png', 'in_progress', '2025-10-30 10:36:31', '2025-10-30 10:36:31'),
(51, '2025-10-30 05:37:01', NULL, 2, 1, 1, NULL, '1002', NULL, 0, 'qr_1002.png', 'bar_1002.png', 'in_progress', '2025-10-30 10:37:01', '2025-10-30 10:37:01'),
(52, '2025-10-30 09:54:52', '2025-10-30 09:55:09', 2, 2, 1, 15000, '5727', NULL, 0, 'qr_5727.png', 'bar_5727.png', 'completed', '2025-10-30 14:54:52', '2025-10-30 14:55:09'),
(53, '2025-10-30 11:13:59', '2025-10-30 11:14:32', 3, 1, 3, 10000, '5043', NULL, 0, 'qr_5043.png', 'bar_5043.png', 'completed', '2025-10-30 16:13:59', '2025-10-30 16:14:32'),
(54, '2025-10-30 11:44:33', '2025-10-30 11:51:35', 4, 1, 1, 10000, '6297', NULL, 0, 'qr_6297.png', 'bar_6297.png', 'completed', '2025-10-30 16:44:33', '2025-10-30 16:51:35'),
(55, '2025-10-30 12:06:21', NULL, 3, 2, 3, NULL, '6283', NULL, 0, 'qr_6283.png', 'bar_6283.png', 'in_progress', '2025-10-30 17:06:21', '2025-10-30 17:06:21'),
(56, '2025-10-30 12:10:52', '2025-10-30 12:39:06', 3, 2, 3, 15000, '6677', NULL, 0, 'qr_6677.png', 'bar_6677.png', 'completed', '2025-10-30 17:10:52', '2025-10-30 17:39:06'),
(57, '2025-10-30 12:39:49', NULL, 4, 2, 2, NULL, '1029', NULL, 0, 'qr_1029.png', 'bar_1029.png', 'in_progress', '2025-10-30 17:39:49', '2025-10-30 17:39:49'),
(58, '2025-10-30 12:39:52', '2025-10-30 12:40:07', 4, 2, 2, 15000, '6798', NULL, 0, 'qr_6798.png', 'bar_6798.png', 'completed', '2025-10-30 17:39:52', '2025-10-30 17:40:07'),
(59, '2025-10-30 12:43:20', NULL, 3, 2, 4, NULL, '7191', NULL, 0, 'qr_7191.png', 'bar_7191.png', 'in_progress', '2025-10-30 17:43:20', '2025-10-30 17:43:20'),
(60, '2025-10-30 13:34:06', NULL, 2, 1, 1, NULL, '6238', NULL, 0, 'qr_6238.png', 'bar_6238.png', 'in_progress', '2025-10-30 18:34:06', '2025-10-30 18:34:06'),
(61, '2025-10-30 13:44:41', NULL, 3, 1, 2, NULL, '6674', NULL, 0, 'qr_6674.png', 'bar_6674.png', 'in_progress', '2025-10-30 18:44:41', '2025-10-30 18:44:41'),
(62, '2025-10-30 14:48:49', '2025-10-30 14:49:40', 3, 2, 2, 15000, '3814', NULL, 0, 'qr_3814.png', 'bar_3814.png', 'completed', '2025-10-30 19:48:49', '2025-10-30 19:49:40'),
(63, '2025-10-31 10:27:09', NULL, 1, 2, 2, NULL, '1939', NULL, 0, 'qr_1939.png', 'bar_1939.png', 'in_progress', '2025-10-31 15:27:09', '2025-10-31 15:27:09'),
(64, '2025-10-31 10:29:41', NULL, 1, 1, 1, NULL, '3133', NULL, 0, 'qr_3133.png', 'bar_3133.png', 'in_progress', '2025-10-31 15:29:41', '2025-10-31 15:29:41'),
(65, '2025-10-31 10:33:20', NULL, 2, 1, 2, NULL, '3179', NULL, 0, 'qr_3179.png', 'bar_3179.png', 'in_progress', '2025-10-31 15:33:20', '2025-10-31 15:33:20'),
(66, '2025-10-31 11:36:29', '2025-10-31 11:36:46', 2, 3, 2, 1, '2625', NULL, 0, 'qr_2625.png', 'bar_2625.png', 'completed', '2025-10-31 16:36:29', '2025-10-31 16:36:46'),
(67, '2025-10-31 11:38:33', NULL, 1, 3, 2, NULL, '9165', NULL, 0, 'qr_9165.png', 'bar_9165.png', 'in_progress', '2025-10-31 16:38:33', '2025-10-31 16:38:33'),
(68, '2025-10-31 12:17:19', '2025-10-31 12:18:55', 2, 2, 2, 1, '4693', NULL, 0, 'qr_4693.png', 'bar_4693.png', 'completed', '2025-10-31 17:17:19', '2025-10-31 17:18:55'),
(69, '2025-10-31 12:19:42', NULL, 2, 2, 2, NULL, '6652', NULL, 0, 'qr_6652.png', 'bar_6652.png', 'in_progress', '2025-10-31 17:19:42', '2025-10-31 17:19:42'),
(70, '2025-11-03 10:36:57', NULL, 6, 2, 6, NULL, '6322', NULL, 0, 'qr_6322.png', 'bar_6322.png', 'in_progress', '2025-11-03 16:36:57', '2025-11-03 16:36:57'),
(71, '2025-11-03 10:38:04', NULL, 6, 1, 6, NULL, '7871', NULL, 0, 'qr_7871.png', 'bar_7871.png', 'in_progress', '2025-11-03 16:38:04', '2025-11-03 16:38:04'),
(72, '2025-11-03 11:07:43', NULL, 2, 2, 2, NULL, '2815', NULL, 0, 'qr_2815.png', 'bar_2815.png', 'cancelled', '2025-11-03 17:07:43', '2025-11-03 17:08:03'),
(73, '2025-11-03 11:09:24', NULL, 1, 1, 1, NULL, '6976', NULL, 0, 'qr_6976.png', 'bar_6976.png', 'in_progress', '2025-11-03 17:09:24', '2025-11-03 17:09:24'),
(74, '2025-11-03 11:44:00', '2025-11-03 11:48:45', 2, 2, 2, 1000, '6537', NULL, 0, 'qr_6537.png', 'bar_6537.png', 'completed', '2025-11-03 17:44:00', '2025-11-03 17:48:45'),
(75, '2025-11-03 12:16:24', NULL, 1, 1, 6, NULL, '1428', NULL, 0, 'qr_1428.png', 'bar_1428.png', 'in_progress', '2025-11-03 18:16:24', '2025-11-03 18:16:24'),
(76, '2025-11-03 12:16:45', NULL, 1, 2, 6, NULL, '6767', NULL, 0, 'qr_6767.png', 'bar_6767.png', 'in_progress', '2025-11-03 18:16:45', '2025-11-03 18:16:45'),
(77, '2025-11-03 12:17:00', NULL, 2, 1, 1, NULL, '4472', NULL, 0, 'qr_4472.png', 'bar_4472.png', 'in_progress', '2025-11-03 18:17:00', '2025-11-03 18:17:00'),
(78, '2025-11-03 12:21:44', NULL, 1, 2, 6, NULL, '1153', NULL, 0, 'qr_1153.png', 'bar_1153.png', 'in_progress', '2025-11-03 18:21:44', '2025-11-03 18:21:44'),
(79, '2025-11-03 12:33:18', NULL, 2, 3, 1, NULL, '7260', NULL, 0, 'qr_7260.png', 'bar_7260.png', 'in_progress', '2025-11-03 18:33:18', '2025-11-03 18:33:18'),
(80, '2025-11-03 12:43:05', NULL, 2, 2, 1, NULL, '7472', NULL, 0, 'qr_7472.png', 'bar_7472.png', 'in_progress', '2025-11-03 18:43:05', '2025-11-03 18:43:05'),
(81, '2025-11-03 12:45:34', NULL, 1, 3, 1, NULL, '4248', NULL, 0, 'qr_4248.png', 'bar_4248.png', 'in_progress', '2025-11-03 18:45:34', '2025-11-03 18:45:34'),
(82, '2025-11-03 12:46:41', NULL, 2, 2, 2, NULL, '9022', NULL, 0, 'qr_9022.png', 'bar_9022.png', 'in_progress', '2025-11-03 18:46:41', '2025-11-03 18:46:41'),
(83, '2025-11-03 12:46:59', NULL, 2, 2, 1, NULL, '2015', NULL, 0, 'qr_2015.png', 'bar_2015.png', 'in_progress', '2025-11-03 18:46:59', '2025-11-03 18:46:59'),
(84, '2025-11-03 13:05:03', NULL, 1, 1, 6, NULL, '9091', NULL, 0, 'qr_9091.png', 'bar_9091.png', 'in_progress', '2025-11-03 19:05:03', '2025-11-03 19:05:03'),
(85, '2025-11-03 13:05:42', NULL, 6, 2, 1, NULL, '3602', NULL, 0, 'qr_3602.png', 'bar_3602.png', 'in_progress', '2025-11-03 19:05:42', '2025-11-03 19:05:42'),
(86, '2025-11-03 13:08:22', NULL, 4, 2, 1, NULL, '5815', NULL, 0, 'qr_5815.png', 'bar_5815.png', 'in_progress', '2025-11-03 19:08:22', '2025-11-03 19:08:22'),
(87, '2025-11-03 13:14:49', NULL, 2, 3, 1, NULL, '4993', NULL, 0, 'qr_4993.png', 'bar_4993.png', 'in_progress', '2025-11-03 19:14:49', '2025-11-03 19:14:49'),
(88, '2025-11-03 13:20:08', NULL, 2, 1, 1, NULL, '7110', NULL, 0, 'qr_7110.png', 'bar_7110.png', 'in_progress', '2025-11-03 19:20:08', '2025-11-03 19:20:08'),
(89, '2025-11-03 13:29:37', NULL, 1, 1, 1, NULL, '9029', NULL, 0, 'qr_9029.png', 'bar_9029.png', 'in_progress', '2025-11-03 19:29:37', '2025-11-03 19:29:37'),
(90, '2025-11-03 13:30:56', NULL, 4, 3, 4, NULL, '4513', NULL, 0, 'qr_4513.png', 'bar_4513.png', 'in_progress', '2025-11-03 19:30:56', '2025-11-03 19:30:56'),
(91, '2025-11-03 13:31:29', '2025-11-03 13:31:48', 4, 2, 1, 1, '7843', NULL, 0, 'qr_7843.png', 'bar_7843.png', 'completed', '2025-11-03 19:31:29', '2025-11-03 19:31:48'),
(92, '2025-11-03 13:31:51', NULL, 1, 3, 3, NULL, '9819', NULL, 0, 'qr_9819.png', 'bar_9819.png', 'in_progress', '2025-11-03 19:31:51', '2025-11-03 19:31:51'),
(93, '2025-11-03 13:32:13', NULL, 1, 3, 3, NULL, '9183', NULL, 0, 'qr_9183.png', 'bar_9183.png', 'in_progress', '2025-11-03 19:32:13', '2025-11-03 19:32:13'),
(94, '2025-11-03 13:32:38', NULL, 1, 3, 3, NULL, '1595', NULL, 0, 'qr_1595.png', 'bar_1595.png', 'in_progress', '2025-11-03 19:32:38', '2025-11-03 19:32:38'),
(95, '2025-11-03 13:32:50', NULL, 1, 3, 3, NULL, '7360', NULL, 0, 'qr_7360.png', 'bar_7360.png', 'in_progress', '2025-11-03 19:32:50', '2025-11-03 19:32:50'),
(96, '2025-11-03 13:33:28', NULL, 1, 3, 3, NULL, '3960', NULL, 0, 'qr_3960.png', 'bar_3960.png', 'in_progress', '2025-11-03 19:33:28', '2025-11-03 19:33:28'),
(97, '2025-11-03 13:40:36', '2025-11-04 20:56:38', 4, 1, 1, 300, '3509', NULL, 0, 'qr_3509.png', 'bar_3509.png', 'completed', '2025-11-03 19:40:36', '2025-11-05 02:56:38'),
(98, '2025-11-03 13:41:00', NULL, 4, 1, 1, NULL, '3693', NULL, 0, 'qr_3693.png', 'bar_3693.png', 'in_progress', '2025-11-03 19:41:00', '2025-11-03 19:41:00'),
(99, '2025-11-03 13:46:09', NULL, 6, 1, 6, NULL, '9766', NULL, 0, 'qr_9766.png', 'bar_9766.png', 'cancelled', '2025-11-03 19:46:09', '2025-11-03 19:46:43'),
(100, '2025-11-03 13:48:09', NULL, 4, 1, 1, NULL, '7855', NULL, 0, 'qr_7855.png', 'bar_7855.png', 'in_progress', '2025-11-03 19:48:09', '2025-11-03 19:48:09'),
(101, '2025-11-03 13:48:32', NULL, 2, 3, 2, NULL, '2027', NULL, 0, 'qr_2027.png', 'bar_2027.png', 'in_progress', '2025-11-03 19:48:32', '2025-11-03 19:48:32'),
(102, '2025-11-03 13:48:46', NULL, 2, 2, 2, NULL, '6811', NULL, 0, 'qr_6811.png', 'bar_6811.png', 'in_progress', '2025-11-03 19:48:46', '2025-11-03 19:48:46'),
(103, '2025-11-03 14:33:20', '2025-11-03 14:33:44', 6, 1, 6, 1, '1303', NULL, 0, 'qr_1303.png', 'bar_1303.png', 'completed', '2025-11-03 20:33:20', '2025-11-03 20:33:44'),
(104, '2025-11-03 14:34:47', NULL, 6, 1, 6, NULL, '6855', NULL, 0, 'qr_6855.png', 'bar_6855.png', 'in_progress', '2025-11-03 20:34:47', '2025-11-03 20:34:47'),
(105, '2025-11-03 14:35:58', '2025-11-03 14:36:16', 1, 1, 6, 1, '4837', NULL, 0, 'qr_4837.png', 'bar_4837.png', 'completed', '2025-11-03 20:35:58', '2025-11-03 20:36:16'),
(106, '2025-11-03 14:44:31', '2025-11-03 14:44:41', 6, 1, 1, 1, '5904', NULL, 0, 'qr_5904.png', 'bar_5904.png', 'completed', '2025-11-03 20:44:31', '2025-11-03 20:44:41'),
(107, '2025-11-04 09:14:24', '2025-11-04 09:14:36', 1, 3, 1, 1, '9904', NULL, 0, 'qr_9904.png', 'bar_9904.png', 'completed', '2025-11-04 15:14:24', '2025-11-04 15:14:36'),
(108, '2025-11-04 11:00:28', '2025-11-04 11:00:57', 2, 2, 2, 15000, '7640', NULL, 0, 'qr_7640.png', 'bar_7640.png', 'completed', '2025-11-04 17:00:28', '2025-11-04 17:00:57'),
(110, '2025-11-04 11:06:21', '2025-11-04 11:06:59', 6, 1, 1, 1100, '5067', NULL, 0, 'qr_5067.png', 'bar_5067.png', 'completed', '2025-11-04 17:06:21', '2025-11-04 17:06:59'),
(111, '2025-11-04 11:11:41', NULL, 6, 1, 6, NULL, '5469', NULL, 0, 'qr_5469.png', 'bar_5469.png', 'in_progress', '2025-11-04 17:11:41', '2025-11-04 17:11:41'),
(112, '2025-11-04 11:12:16', '2025-11-04 11:12:33', 1, 1, 6, 6826, '7992', NULL, 0, 'qr_7992.png', 'bar_7992.png', 'completed', '2025-11-04 17:12:16', '2025-11-04 17:12:33'),
(113, '2025-11-04 13:50:16', NULL, 2, 3, 2, NULL, '9822', NULL, 0, 'qr_9822.png', 'bar_9822.png', 'in_progress', '2025-11-04 19:50:16', '2025-11-04 19:50:16'),
(114, '2025-11-04 13:51:51', '2025-11-04 13:52:07', 1, 2, 1, 1, '9414', NULL, 0, 'qr_9414.png', 'bar_9414.png', 'completed', '2025-11-04 19:51:51', '2025-11-04 19:52:07'),
(115, '2025-11-04 13:53:47', '2025-11-04 13:53:58', 2, 2, 1, 1, '2143', NULL, 0, 'qr_2143.png', 'bar_2143.png', 'completed', '2025-11-04 19:53:47', '2025-11-04 19:53:58'),
(116, '2025-11-04 13:55:50', '2025-11-04 13:55:59', 2, 3, 2, 1, '1833', NULL, 0, 'qr_1833.png', 'bar_1833.png', 'completed', '2025-11-04 19:55:50', '2025-11-04 19:55:59'),
(117, '2025-11-04 14:10:02', '2025-11-04 14:10:17', 2, 1, 1, 1, '4108', NULL, 0, 'qr_4108.png', 'bar_4108.png', 'completed', '2025-11-04 20:10:02', '2025-11-04 20:10:17'),
(118, '2025-11-04 14:53:58', '2025-11-04 14:54:23', 1, 3, 6, 1, '7139', NULL, 0, 'qr_7139.png', 'bar_7139.png', 'completed', '2025-11-04 20:53:58', '2025-11-04 20:54:23'),
(119, '2025-11-04 14:55:09', '2025-11-04 14:55:33', 2, 3, 1, 1, '4071', NULL, 0, 'qr_4071.png', 'bar_4071.png', 'completed', '2025-11-04 20:55:09', '2025-11-04 20:55:33'),
(120, '2025-11-04 15:15:44', '2025-11-04 15:16:12', 2, 3, 1, 1, '7307', NULL, 0, 'qr_7307.png', 'bar_7307.png', 'completed', '2025-11-04 21:15:44', '2025-11-04 21:16:12'),
(121, '2025-11-04 15:16:54', '2025-11-04 15:17:11', 2, 3, 1, 1, '7167', NULL, 0, 'qr_7167.png', 'bar_7167.png', 'completed', '2025-11-04 21:16:54', '2025-11-04 21:17:11'),
(123, '2025-11-04 15:22:44', '2025-11-04 20:54:00', 1, 2, 1, 400, '2100', NULL, 0, 'qr_2100.png', 'bar_2100.png', 'completed', '2025-11-04 21:22:44', '2025-11-05 02:54:00'),
(124, '2025-11-04 15:23:31', '2025-11-04 20:52:03', 2, 2, 1, 1000, '3430', NULL, 0, 'qr_3430.png', 'bar_3430.png', 'completed', '2025-11-04 21:23:31', '2025-11-05 02:52:03'),
(125, '2025-11-04 15:46:26', '2025-11-04 15:46:39', 2, 2, 1, 1, '8638', NULL, 0, 'qr_8638.png', 'bar_8638.png', 'completed', '2025-11-04 21:46:26', '2025-11-04 21:46:39'),
(126, '2025-11-04 15:47:07', '2025-11-04 15:47:16', 1, 3, 1, 1, '6437', NULL, 0, 'qr_6437.png', 'bar_6437.png', 'completed', '2025-11-04 21:47:07', '2025-11-04 21:47:16'),
(127, '2025-11-04 18:15:00', '2025-11-04 18:15:24', 2, 1, 1, 1000, '6606', NULL, 0, 'qr_6606.png', 'bar_6606.png', 'completed', '2025-11-05 00:15:00', '2025-11-05 00:15:24'),
(128, '2025-11-04 18:15:37', '2025-11-04 18:15:48', 2, 1, 1, 5667, '1205', NULL, 0, 'qr_1205.png', 'bar_1205.png', 'completed', '2025-11-05 00:15:37', '2025-11-05 00:15:48'),
(129, '2025-11-04 20:50:06', '2025-11-04 20:50:38', 1, 3, 1, 89, '1415', NULL, 0, 'qr_1415.png', 'bar_1415.png', 'completed', '2025-11-05 02:50:06', '2025-11-05 02:50:38'),
(130, '2025-11-04 20:52:19', '2025-11-04 20:52:33', 1, 3, 1, 1000, '9324', NULL, 0, 'qr_9324.png', 'bar_9324.png', 'completed', '2025-11-05 02:52:19', '2025-11-05 02:52:33'),
(131, '2025-11-04 20:52:40', '2025-11-04 20:53:22', 1, 3, 1, 1000, '3951', NULL, 0, 'qr_3951.png', 'bar_3951.png', 'completed', '2025-11-05 02:52:40', '2025-11-05 02:53:22'),
(132, '2025-11-04 20:54:47', '2025-11-04 20:55:01', 7, 4, 7, 100, '2162', NULL, 0, 'qr_2162.png', 'bar_2162.png', 'completed', '2025-11-05 02:54:47', '2025-11-05 02:55:01'),
(133, '2025-11-04 20:55:25', '2025-11-04 20:55:40', 8, 4, 7, 10000, '4617', NULL, 0, 'qr_4617.png', 'bar_4617.png', 'completed', '2025-11-05 02:55:25', '2025-11-05 02:55:40'),
(134, '2025-11-04 20:55:58', '2025-11-04 20:56:12', 9, 4, 7, 10000, '5017', NULL, 0, 'qr_5017.png', 'bar_5017.png', 'completed', '2025-11-05 02:55:58', '2025-11-05 02:56:12'),
(135, '2025-11-04 20:57:13', '2025-11-04 20:57:28', 10, 4, 7, 1999, '1960', NULL, 0, 'qr_1960.png', 'bar_1960.png', 'completed', '2025-11-05 02:57:13', '2025-11-05 02:57:28'),
(136, '2025-11-04 20:57:50', '2025-11-04 20:58:05', 11, 4, 7, 129, '9034', NULL, 0, 'qr_9034.png', 'bar_9034.png', 'completed', '2025-11-05 02:57:50', '2025-11-05 02:58:05'),
(137, '2025-11-04 22:45:55', '2025-11-06 07:46:56', 2, 1, 1, 400, '4461', NULL, 0, 'qr_4461.png', 'bar_4461.png', 'completed', '2025-11-05 04:45:55', '2025-11-06 13:46:56'),
(138, '2025-11-05 09:17:44', '2025-11-05 09:18:03', 1, 3, 1, 1, '2144', NULL, 0, 'qr_2144.png', 'bar_2144.png', 'completed', '2025-11-05 15:17:44', '2025-11-05 15:18:03'),
(139, '2025-11-05 09:19:04', '2025-11-05 09:19:15', 2, 1, 1, 1, '1956', NULL, 0, 'qr_1956.png', 'bar_1956.png', 'completed', '2025-11-05 15:19:04', '2025-11-05 15:19:15'),
(140, '2025-11-05 09:19:54', '2025-11-05 09:20:06', 1, 3, 1, 1, '8141', NULL, 0, 'qr_8141.png', 'bar_8141.png', 'completed', '2025-11-05 15:19:54', '2025-11-05 15:20:06'),
(141, '2025-11-05 10:32:25', '2025-11-05 10:32:37', 2, 3, 6, 1, '6633', NULL, 0, 'qr_6633.png', 'bar_6633.png', 'completed', '2025-11-05 16:32:25', '2025-11-05 16:32:37'),
(142, '2025-11-05 12:14:27', '2025-11-05 12:14:42', 2, 1, 2, 1, '9698', NULL, 0, 'qr_9698.png', 'bar_9698.png', 'completed', '2025-11-05 18:14:27', '2025-11-05 18:14:42'),
(143, '2025-11-05 13:45:24', '2025-11-05 16:25:12', 2, 3, 6, 100, '2275', NULL, 0, 'qr_2275.png', 'bar_2275.png', 'completed', '2025-11-05 19:45:24', '2025-11-05 22:25:12'),
(144, '2025-11-05 13:47:12', '2025-11-05 13:58:05', 2, 3, 6, 2000, '6476', NULL, 0, 'qr_6476.png', 'bar_6476.png', 'completed', '2025-11-05 19:47:12', '2025-11-05 19:58:05'),
(145, '2025-11-05 13:49:41', '2025-11-05 13:57:14', 2, 2, 1, 1000, '2673', NULL, 0, 'qr_2673.png', 'bar_2673.png', 'completed', '2025-11-05 19:49:41', '2025-11-05 19:57:14'),
(146, '2025-11-05 13:50:48', '2025-11-05 13:56:47', 2, 2, 1, 1000, '5422', NULL, 0, 'qr_5422.png', 'bar_5422.png', 'completed', '2025-11-05 19:50:48', '2025-11-05 19:56:47'),
(147, '2025-11-05 13:58:39', '2025-11-05 13:58:52', 11, 1, 6, 100, '8789', NULL, 0, 'qr_8789.png', 'bar_8789.png', 'completed', '2025-11-05 19:58:39', '2025-11-05 19:58:52'),
(148, '2025-11-05 16:25:40', '2025-11-05 16:26:04', 2, 2, 1, 1000, '6889', NULL, 0, 'qr_6889.png', 'bar_6889.png', 'completed', '2025-11-05 22:25:40', '2025-11-05 22:26:04'),
(149, '2025-11-05 16:26:36', '2025-11-05 16:26:53', 2, 2, 1, 1000, '1606', NULL, 0, 'qr_1606.png', 'bar_1606.png', 'completed', '2025-11-05 22:26:36', '2025-11-05 22:26:53'),
(150, '2025-11-05 16:27:19', '2025-11-06 07:46:20', 2, 2, 1, 2300, '7920', NULL, 0, 'qr_7920.png', 'bar_7920.png', 'completed', '2025-11-05 22:27:19', '2025-11-06 13:46:20'),
(151, '2025-11-05 16:30:25', '2025-11-05 16:30:46', 2, 2, 1, 1000, '3998', NULL, 0, 'qr_3998.png', 'bar_3998.png', 'completed', '2025-11-05 22:30:25', '2025-11-05 22:30:46'),
(152, '2025-11-05 16:31:15', '2025-11-05 16:31:31', 2, 2, 1, 1000, '4737', NULL, 0, 'qr_4737.png', 'bar_4737.png', 'completed', '2025-11-05 22:31:15', '2025-11-05 22:31:31'),
(153, '2025-11-05 20:59:41', '2025-11-05 21:00:40', 2, 2, 1, 5000, '7323', NULL, 0, 'qr_7323.png', 'bar_7323.png', 'completed', '2025-11-06 02:59:41', '2025-11-06 03:00:40'),
(154, '2025-11-05 20:59:44', '2025-11-05 21:00:15', 2, 2, 1, 10000, '8493', NULL, 0, 'qr_8493.png', 'bar_8493.png', 'completed', '2025-11-06 02:59:44', '2025-11-06 03:00:15'),
(155, '2025-11-06 07:44:16', '2025-11-06 07:44:34', 2, 3, 6, 100, '3052', NULL, 0, 'qr_3052.png', 'bar_3052.png', 'completed', '2025-11-06 13:44:16', '2025-11-06 13:44:34'),
(156, '2025-11-06 08:27:14', NULL, 2, 1, 6, NULL, '9431', NULL, 0, 'qr_9431.png', 'bar_9431.png', 'in_progress', '2025-11-06 14:27:14', '2025-11-06 14:27:14'),
(157, '2025-11-06 08:58:03', NULL, 2, 1, 6, NULL, '1201', NULL, 0, 'qr_1201.png', 'bar_1201.png', 'in_progress', '2025-11-06 14:58:03', '2025-11-06 14:58:03'),
(158, '2025-11-06 08:59:08', '2025-11-06 08:59:42', 2, 1, 1, 1, '1473', NULL, 0, 'qr_1473.png', 'bar_1473.png', 'completed', '2025-11-06 14:59:08', '2025-11-06 14:59:42'),
(159, '2025-11-06 09:34:16', '2025-11-06 09:34:43', 2, 1, 1, 10000, '7970', NULL, 0, 'qr_7970.png', 'bar_7970.png', 'completed', '2025-11-06 15:34:16', '2025-11-06 15:34:43'),
(160, '2025-11-06 09:36:43', '2025-11-06 09:37:16', 1, 3, 6, 12000, '2536', NULL, 0, 'qr_2536.png', 'bar_2536.png', 'completed', '2025-11-06 15:36:43', '2025-11-06 15:37:16'),
(161, '2025-11-06 09:38:15', '2025-11-06 09:38:38', 9, 3, 1, 12000, '9839', NULL, 0, 'qr_9839.png', 'bar_9839.png', 'completed', '2025-11-06 15:38:15', '2025-11-06 15:38:38'),
(162, '2025-11-06 09:43:30', NULL, 1, 2, 1, NULL, '8808', NULL, 0, 'qr_8808.png', 'bar_8808.png', 'in_progress', '2025-11-06 15:43:30', '2025-11-06 15:43:30'),
(163, '2025-11-06 09:44:12', '2025-11-06 09:44:34', 2, 3, 6, 12000, '1645', NULL, 0, 'qr_1645.png', 'bar_1645.png', 'completed', '2025-11-06 15:44:12', '2025-11-06 15:44:34'),
(164, '2025-11-06 09:45:28', '2025-11-06 09:45:42', 2, 1, 1, 10000, '2318', NULL, 0, 'qr_2318.png', 'bar_2318.png', 'completed', '2025-11-06 15:45:28', '2025-11-06 15:45:42'),
(165, '2025-11-06 09:46:41', NULL, 3, 3, 6, NULL, '5436', NULL, 0, 'qr_5436.png', 'bar_5436.png', 'in_progress', '2025-11-06 15:46:41', '2025-11-06 15:46:41'),
(166, '2025-11-06 09:47:36', NULL, 3, 2, 1, NULL, '9265', NULL, 0, 'qr_9265.png', 'bar_9265.png', 'in_progress', '2025-11-06 15:47:36', '2025-11-06 15:47:36'),
(167, '2025-11-06 09:48:53', '2025-11-06 09:49:40', 3, 2, 1, 15000, '6632', NULL, 0, 'qr_6632.png', 'bar_6632.png', 'completed', '2025-11-06 15:48:53', '2025-11-06 15:49:40'),
(168, '2025-11-06 13:16:14', '2025-11-06 13:16:30', 2, 2, 6, 15000, '9862', NULL, 0, 'qr_9862.png', 'bar_9862.png', 'completed', '2025-11-06 19:16:14', '2025-11-06 19:16:30'),
(169, '2025-11-06 13:26:10', '2025-11-06 13:26:23', 2, 3, 6, 12000, '6614', NULL, 0, 'qr_6614.png', 'bar_6614.png', 'completed', '2025-11-06 19:26:10', '2025-11-06 19:26:23'),
(170, '2025-11-06 13:31:10', '2025-11-06 13:31:24', 2, 3, 6, 12000, '2943', NULL, 0, 'qr_2943.png', 'bar_2943.png', 'completed', '2025-11-06 19:31:10', '2025-11-06 19:31:24'),
(171, '2025-11-06 14:35:01', NULL, 2, 3, 1, NULL, '3498', NULL, 0, 'qr_3498.png', 'bar_3498.png', 'cancelled', '2025-11-06 20:35:01', '2025-11-06 20:35:29'),
(172, '2025-11-06 14:35:46', '2025-11-06 14:36:44', 1, 3, 1, 12000, '4053', NULL, 0, 'qr_4053.png', 'bar_4053.png', 'completed', '2025-11-06 20:35:46', '2025-11-06 20:36:44'),
(173, '2025-11-07 19:46:15', '2025-11-07 19:47:17', 2, 1, 1, 10000, '9777', NULL, 0, 'qr_9777.png', 'bar_9777.png', 'completed', '2025-11-08 01:46:15', '2025-11-08 01:47:17'),
(174, '2025-11-07 19:47:43', '2025-11-07 19:48:10', 2, 1, 1, 10000, '6298', NULL, 0, 'qr_6298.png', 'bar_6298.png', 'completed', '2025-11-08 01:47:43', '2025-11-08 01:48:10'),
(175, '2025-11-08 10:49:17', NULL, 1, 3, 1, NULL, '4502', NULL, 0, 'qr_4502.png', 'bar_4502.png', 'in_progress', '2025-11-08 16:49:17', '2025-11-08 16:49:17'),
(176, '2025-11-08 13:42:49', NULL, 1, 3, 1, NULL, '7558', NULL, 0, 'qr_7558.png', 'bar_7558.png', 'in_progress', '2025-11-08 19:42:49', '2025-11-08 19:42:49'),
(177, '2025-11-08 13:43:28', NULL, 1, 3, 1, NULL, '3887', NULL, 0, 'qr_3887.png', 'bar_3887.png', 'in_progress', '2025-11-08 19:43:28', '2025-11-08 19:43:28'),
(178, '2025-11-08 13:43:50', NULL, 1, 3, 1, NULL, '3946', NULL, 0, 'qr_3946.png', 'bar_3946.png', 'in_progress', '2025-11-08 19:43:50', '2025-11-08 19:43:50'),
(179, '2025-11-08 13:44:35', NULL, 1, 3, 1, NULL, '7354', NULL, 0, 'qr_7354.png', 'bar_7354.png', 'in_progress', '2025-11-08 19:44:35', '2025-11-08 19:44:35'),
(180, '2025-11-08 13:46:25', NULL, 1, 3, 1, NULL, '4833', NULL, 0, 'qr_4833.png', 'bar_4833.png', 'in_progress', '2025-11-08 19:46:25', '2025-11-08 19:46:25'),
(181, '2025-11-08 13:49:36', NULL, 1, 3, 1, NULL, '4403', NULL, 0, 'qr_4403.png', 'bar_4403.png', 'in_progress', '2025-11-08 19:49:36', '2025-11-08 19:49:36'),
(182, '2025-11-08 14:02:18', NULL, 1, 3, 1, NULL, '3817', NULL, 0, 'qr_3817.png', 'bar_3817.png', 'in_progress', '2025-11-08 20:02:18', '2025-11-08 20:02:18'),
(183, '2025-11-08 14:04:08', NULL, 1, 3, 1, NULL, '7343', NULL, 0, 'qr_7343.png', 'bar_7343.png', 'in_progress', '2025-11-08 20:04:08', '2025-11-08 20:04:08'),
(184, '2025-11-08 14:47:21', NULL, 2, 2, 6, NULL, '5329', NULL, 0, 'qr_5329.png', 'bar_5329.png', 'in_progress', '2025-11-08 20:47:21', '2025-11-08 20:47:21'),
(185, '2025-11-09 09:39:57', NULL, 12, 4, 7, NULL, '3511', NULL, 0, 'qr_3511.png', 'bar_3511.png', 'in_progress', '2025-11-09 15:39:57', '2025-11-09 15:39:57'),
(186, '2025-11-09 15:42:06', '2025-11-09 15:42:33', 1, 3, 1, 12000, '3624', NULL, 0, 'qr_3624.png', 'bar_3624.png', 'completed', '2025-11-09 21:42:06', '2025-11-09 21:42:33'),
(187, '2025-11-09 15:42:47', NULL, 1, 3, 1, NULL, '5247', NULL, 0, 'qr_5247.png', 'bar_5247.png', 'in_progress', '2025-11-09 21:42:47', '2025-11-09 21:42:47'),
(188, '2025-11-09 16:05:52', NULL, 1, 3, 1, NULL, '4127', NULL, 0, 'qr_4127.png', 'bar_4127.png', 'in_progress', '2025-11-09 22:05:52', '2025-11-09 22:05:52'),
(189, '2025-11-09 16:07:49', NULL, 1, 3, 1, NULL, '9725', NULL, 0, 'qr_9725.png', 'bar_9725.png', 'in_progress', '2025-11-09 22:07:49', '2025-11-09 22:07:49'),
(190, '2025-11-09 16:08:06', NULL, 1, 3, 1, NULL, '8814', NULL, 0, 'qr_8814.png', 'bar_8814.png', 'in_progress', '2025-11-09 22:08:06', '2025-11-09 22:08:06');

-- --------------------------------------------------------

--
-- Estructura de tabla para la tabla `clients`
--

CREATE TABLE `clients` (
  `id` int(11) NOT NULL,
  `user_id` int(11) DEFAULT NULL,
  `business_name` varchar(150) COLLATE utf8mb4_unicode_ci NOT NULL,
  `rfc_curp` varchar(18) COLLATE utf8mb4_unicode_ci NOT NULL,
  `address` text COLLATE utf8mb4_unicode_ci NOT NULL,
  `phone` varchar(20) COLLATE utf8mb4_unicode_ci NOT NULL,
  `email` varchar(100) COLLATE utf8mb4_unicode_ci NOT NULL,
  `client_type` enum('residential','commercial','industrial') COLLATE utf8mb4_unicode_ci NOT NULL,
  `status` enum('active','inactive') COLLATE utf8mb4_unicode_ci NOT NULL DEFAULT 'active',
  `created_at` timestamp NOT NULL DEFAULT CURRENT_TIMESTAMP,
  `updated_at` timestamp NOT NULL DEFAULT CURRENT_TIMESTAMP ON UPDATE CURRENT_TIMESTAMP
) ENGINE=InnoDB DEFAULT CHARSET=utf8mb4 COLLATE=utf8mb4_unicode_ci;

--
-- Volcado de datos para la tabla `clients`
--

INSERT INTO `clients` (`id`, `user_id`, `business_name`, `rfc_curp`, `address`, `phone`, `email`, `client_type`, `status`, `created_at`, `updated_at`) VALUES
(1, 4, 'Constructora ABC S.A. de C.V.', 'CAB950101ABC', 'Av. Principal 123, Col. Centro, Ciudad', '5551234567', 'cliente1@email.com', 'commercial', 'active', '2025-10-28 11:30:16', '2025-10-28 11:30:16'),
(2, NULL, 'Industrias XYZ S.A.', 'IXY940615XYZ', 'Calle Industrial 456, Parque Industrial', '5559876543', 'contacto@xyz.com', 'industrial', 'active', '2025-10-28 11:30:16', '2025-10-28 11:30:16'),
(3, NULL, 'Juan Ramírez', 'RAJM850320HDF', 'Calle Residencial 789, Col. Jardines', '5556543210', 'juan.ramirez@email.com', 'residential', 'active', '2025-10-28 11:30:16', '2025-10-28 11:30:16'),
(4, NULL, 'Hotel Gran Plaza', 'HGP980520HPL', 'Blvd. Turístico 321, Zona Hotelera', '5557896541', 'info@hotelgranplaza.com', 'commercial', 'active', '2025-10-28 11:30:16', '2025-10-28 11:30:16'),
(6, NULL, 'ID', '', '', '4422956843', 'sin-email@dunas.com', 'commercial', 'active', '2025-11-03 16:36:57', '2025-11-03 16:36:57'),
(7, NULL, '', '', '', '', 'sin-email@dunas.com', 'commercial', 'active', '2025-11-05 02:54:47', '2025-11-05 02:54:47');

-- --------------------------------------------------------

--
-- Estructura de tabla para la tabla `detected_plates`
--

CREATE TABLE `detected_plates` (
  `id` int(11) NOT NULL,
  `plate_text` varchar(20) COLLATE utf8_unicode_ci NOT NULL,
  `confidence` decimal(5,2) DEFAULT NULL,
  `captured_at` datetime NOT NULL DEFAULT CURRENT_TIMESTAMP,
  `device_id` int(11) DEFAULT NULL,
  `unit_id` int(11) DEFAULT NULL,
  `is_match` tinyint(1) DEFAULT '0',
  `payload_json` json DEFAULT NULL,
  `status` enum('new','processed') COLLATE utf8_unicode_ci DEFAULT 'new'
) ENGINE=InnoDB DEFAULT CHARSET=utf8 COLLATE=utf8_unicode_ci;

--
-- Volcado de datos para la tabla `detected_plates`
--

INSERT INTO `detected_plates` (`id`, `plate_text`, `confidence`, `captured_at`, `device_id`, `unit_id`, `is_match`, `payload_json`, `status`) VALUES
(1, 'ABC123X', NULL, '2025-11-10 14:24:10', NULL, NULL, 0, NULL, 'new'),
(2, 'POP911L', NULL, '2025-11-10 15:25:14', NULL, NULL, 0, NULL, 'new'),
(3, 'ADO230P', NULL, '2025-11-11 09:31:18', NULL, NULL, 0, NULL, 'new'),
(4, 'UEF456Y', NULL, '2025-11-10 12:58:14', NULL, NULL, 0, NULL, 'new'),
(5, 'AD1110', NULL, '2025-11-10 12:57:13', NULL, NULL, 0, NULL, 'new'),
(6, 'ABC123X', NULL, '2025-11-10 12:55:46', NULL, NULL, 0, NULL, 'new'),
(7, 'ABC123X', NULL, '2025-11-10 14:39:40', NULL, NULL, 0, NULL, 'new'),
(8, 'ABC123X', NULL, '2025-11-10 12:49:02', NULL, NULL, 0, NULL, 'new'),
(9, 'XYA100F', NULL, '2025-11-10 15:47:55', NULL, NULL, 0, NULL, 'new'),
(10, 'PRO777Z', NULL, '2025-11-10 13:03:08', NULL, NULL, 0, NULL, 'new'),
(11, 'VBC433X', NULL, '2025-11-10 12:49:04', NULL, NULL, 0, NULL, 'new'),
(12, 'SIS987P', NULL, '2025-11-10 13:41:10', NULL, NULL, 0, NULL, 'new'),
(13, 'DEF456Y', NULL, '2025-11-10 12:58:13', NULL, NULL, 0, NULL, 'new'),
(14, 'ABC123X', NULL, '2025-11-10 15:08:31', NULL, NULL, 0, NULL, 'new');

-- --------------------------------------------------------

--
-- Estructura de tabla para la tabla `drivers`
--

CREATE TABLE `drivers` (
  `id` int(11) NOT NULL,
  `client_id` int(11) DEFAULT NULL,
  `full_name` varchar(100) COLLATE utf8mb4_unicode_ci NOT NULL,
  `license_number` varchar(50) COLLATE utf8mb4_unicode_ci DEFAULT NULL,
  `license_expiry` date DEFAULT NULL,
  `phone` varchar(20) COLLATE utf8mb4_unicode_ci NOT NULL,
  `photo` varchar(255) COLLATE utf8mb4_unicode_ci DEFAULT NULL,
  `status` enum('active','inactive') COLLATE utf8mb4_unicode_ci NOT NULL DEFAULT 'active',
  `created_at` timestamp NOT NULL DEFAULT CURRENT_TIMESTAMP,
  `updated_at` timestamp NOT NULL DEFAULT CURRENT_TIMESTAMP ON UPDATE CURRENT_TIMESTAMP
) ENGINE=InnoDB DEFAULT CHARSET=utf8mb4 COLLATE=utf8mb4_unicode_ci;

--
-- Volcado de datos para la tabla `drivers`
--

INSERT INTO `drivers` (`id`, `client_id`, `full_name`, `license_number`, `license_expiry`, `phone`, `photo`, `status`, `created_at`, `updated_at`) VALUES
(1, 1, 'Pedro Sánchez García', 'LIC123456789', '2026-12-31', '5551111111', NULL, 'active', '2025-10-28 11:30:16', '2025-11-03 17:41:51'),
(2, 1, 'Luis Hernández Torres', 'LIC987654321', '2025-06-30', '5552222222', NULL, 'active', '2025-10-28 11:30:16', '2025-11-03 17:41:51'),
(3, 1, 'Miguel Ángel Flores', 'LIC456789123', '2027-03-15', '5553333333', NULL, 'active', '2025-10-28 11:30:16', '2025-11-03 17:41:51'),
(4, 1, 'José Antonio Ruiz', 'LIC789123456', '2024-12-31', '5554444444', NULL, 'active', '2025-10-28 11:30:16', '2025-11-03 17:41:51'),
(6, 6, 'Dan Raso', '', '2026-11-03', '4425986318', NULL, 'active', '2025-11-03 16:36:57', '2025-11-03 17:52:04'),
(7, 7, '', NULL, '2026-11-04', '', NULL, 'active', '2025-11-05 02:54:47', '2025-11-05 02:54:47'),
(8, 7, '', NULL, '2026-11-04', '', NULL, 'active', '2025-11-05 02:55:25', '2025-11-05 02:55:25'),
(9, 7, '', NULL, '2026-11-04', '', NULL, 'active', '2025-11-05 02:55:58', '2025-11-05 02:55:58'),
(10, 7, '', NULL, '2026-11-04', '', NULL, 'active', '2025-11-05 02:57:13', '2025-11-05 02:57:13'),
(11, 7, '', NULL, '2026-11-04', '', NULL, 'active', '2025-11-05 02:57:50', '2025-11-05 02:57:50'),
(12, 7, '', NULL, '2026-11-09', '', NULL, 'active', '2025-11-09 15:39:57', '2025-11-09 15:39:57');

-- --------------------------------------------------------

--
-- Estructura de tabla para la tabla `driver_unit_assignments`
--

CREATE TABLE `driver_unit_assignments` (
  `id` int(11) NOT NULL,
  `driver_id` int(11) NOT NULL,
  `unit_id` int(11) NOT NULL,
  `assigned_date` date NOT NULL,
  `end_date` date DEFAULT NULL,
  `created_at` timestamp NOT NULL DEFAULT CURRENT_TIMESTAMP
) ENGINE=InnoDB DEFAULT CHARSET=utf8mb4 COLLATE=utf8mb4_unicode_ci;

--
-- Volcado de datos para la tabla `driver_unit_assignments`
--

INSERT INTO `driver_unit_assignments` (`id`, `driver_id`, `unit_id`, `assigned_date`, `end_date`, `created_at`) VALUES
(1, 1, 1, '2024-01-01', NULL, '2025-10-28 11:30:16'),
(2, 2, 2, '2024-01-01', NULL, '2025-10-28 11:30:16'),
(3, 3, 3, '2024-01-01', NULL, '2025-10-28 11:30:16'),
(4, 4, 4, '2024-01-01', NULL, '2025-10-28 11:30:16');

-- --------------------------------------------------------

--
-- Estructura de tabla para la tabla `hikvision_devices`
--

CREATE TABLE `hikvision_devices` (
  `id` int(11) NOT NULL,
  `name` varchar(100) COLLATE utf8mb4_unicode_ci NOT NULL DEFAULT 'Cámara HikVision',
  `api_key` varchar(64) COLLATE utf8mb4_unicode_ci DEFAULT NULL,
  `api_secret` varchar(64) COLLATE utf8mb4_unicode_ci DEFAULT NULL,
  `token_endpoint` varchar(255) COLLATE utf8mb4_unicode_ci DEFAULT NULL,
  `area_domain` varchar(255) COLLATE utf8mb4_unicode_ci DEFAULT NULL,
  `access_token` varchar(512) COLLATE utf8mb4_unicode_ci DEFAULT NULL,
  `token_expires_at` datetime DEFAULT NULL,
  `device_index_code` varchar(64) COLLATE utf8mb4_unicode_ci DEFAULT NULL,
  `device_type` enum('camera_lpr','barcode_reader') COLLATE utf8mb4_unicode_ci NOT NULL DEFAULT 'camera_lpr',
  `api_url` varchar(255) COLLATE utf8mb4_unicode_ci NOT NULL,
  `username` varchar(100) COLLATE utf8mb4_unicode_ci DEFAULT NULL,
  `password` varchar(255) COLLATE utf8mb4_unicode_ci DEFAULT NULL,
  `verify_ssl` tinyint(4) NOT NULL DEFAULT '0',
  `area_label` varchar(100) COLLATE utf8mb4_unicode_ci DEFAULT NULL,
  `area` varchar(100) COLLATE utf8mb4_unicode_ci DEFAULT NULL COMMENT 'Ubicación física del dispositivo',
  `is_enabled` tinyint(4) NOT NULL DEFAULT '1',
  `sort_order` int(11) NOT NULL DEFAULT '0',
  `created_at` timestamp NOT NULL DEFAULT CURRENT_TIMESTAMP,
  `updated_at` timestamp NOT NULL DEFAULT CURRENT_TIMESTAMP ON UPDATE CURRENT_TIMESTAMP
) ENGINE=InnoDB DEFAULT CHARSET=utf8mb4 COLLATE=utf8mb4_unicode_ci COMMENT='Dispositivos HikVision para lectura de placas y códigos de barras';

--
-- Volcado de datos para la tabla `hikvision_devices`
--

INSERT INTO `hikvision_devices` (`id`, `name`, `api_key`, `api_secret`, `token_endpoint`, `area_domain`, `access_token`, `token_expires_at`, `device_index_code`, `device_type`, `api_url`, `username`, `password`, `verify_ssl`, `area_label`, `area`, `is_enabled`, `sort_order`, `created_at`, `updated_at`) VALUES
(1, 'Camara Placas', 'ErfVjgzq0y', 'frssZ1XEgN', 'https://isaapi.hik-partner.com/api/hpcgw/v1/token/get', 'https://iusapi.hik-partner.com', NULL, NULL, 'GA8817570', 'camera_lpr', '', 'admin', 'Danjohn007', 0, 'Entrada', '', 1, 0, '2025-11-06 17:22:04', '2025-11-06 18:03:51');

-- --------------------------------------------------------

--
-- Estructura de tabla para la tabla `maintenance_history`
--

CREATE TABLE `maintenance_history` (
  `id` int(11) NOT NULL,
  `unit_id` int(11) NOT NULL,
  `maintenance_date` date NOT NULL,
  `description` text COLLATE utf8mb4_unicode_ci NOT NULL,
  `cost` decimal(10,2) DEFAULT NULL,
  `performed_by` varchar(100) COLLATE utf8mb4_unicode_ci NOT NULL,
  `created_at` timestamp NOT NULL DEFAULT CURRENT_TIMESTAMP
) ENGINE=InnoDB DEFAULT CHARSET=utf8mb4 COLLATE=utf8mb4_unicode_ci;

--
-- Volcado de datos para la tabla `maintenance_history`
--

INSERT INTO `maintenance_history` (`id`, `unit_id`, `maintenance_date`, `description`, `cost`, `performed_by`, `created_at`) VALUES
(1, 4, '2024-10-25', 'Cambio de aceite y filtros', 2500.00, 'Taller Mecánico Central', '2025-10-28 11:30:16'),
(2, 1, '2024-10-20', 'Revisión general de frenos', 3500.00, 'Taller Mecánico Central', '2025-10-28 11:30:16'),
(3, 2, '2024-10-15', 'Alineación y balanceo', 1800.00, 'Taller de Llantas Express', '2025-10-28 11:30:16');

-- --------------------------------------------------------

--
-- Estructura de tabla para la tabla `processed_plate_files`
--

CREATE TABLE `processed_plate_files` (
  `id` int(11) NOT NULL,
  `filename` varchar(255) COLLATE utf8_unicode_ci NOT NULL,
  `processed_at` datetime NOT NULL DEFAULT CURRENT_TIMESTAMP
) ENGINE=InnoDB DEFAULT CHARSET=utf8 COLLATE=utf8_unicode_ci;

--
-- Volcado de datos para la tabla `processed_plate_files`
--

INSERT INTO `processed_plate_files` (`id`, `filename`, `processed_at`) VALUES
(1, '20251110142410380_ABC123X_VEHICLE_DETECTION_Hik__PLATE.jpg', '2025-11-11 10:23:58'),
(2, '20251110152514925_POP911L_VEHICLE_DETECTION_Hik__PLATE.jpg', '2025-11-11 10:23:58'),
(3, '20251111093118472_ADO230P_VEHICLE_DETECTION_Hik__PLATE.jpg', '2025-11-11 10:23:58'),
(4, '20251110125814171_UEF456Y_VEHICLE_DETECTION_Hik__PLATE.jpg', '2025-11-11 10:23:58'),
(5, '20251110125713940_AD1110_VEHICLE_DETECTION_Hik__PLATE.jpg', '2025-11-11 10:23:58'),
(6, '20251110125546182_ABC123X_VEHICLE_DETECTION_Hik__PLATE.jpg', '2025-11-11 10:23:58'),
(7, '20251110143940867_ABC123X_VEHICLE_DETECTION_Hik__PLATE.jpg', '2025-11-11 10:23:58'),
(8, '20251110124902260_ABC123X_VEHICLE_DETECTION_Hik__PLATE.jpg', '2025-11-11 10:23:58'),
(9, '20251110154755988_XYA100F_VEHICLE_DETECTION_Hik__PLATE.jpg', '2025-11-11 10:23:58'),
(10, '20251110130308510_PRO777Z_VEHICLE_DETECTION_Hik__PLATE.jpg', '2025-11-11 10:23:58'),
(11, '20251110124904995_VBC433X_VEHICLE_DETECTION_Hik__PLATE.jpg', '2025-11-11 10:23:58'),
(12, '20251110134110161_SIS987P_VEHICLE_DETECTION_Hik__PLATE.jpg', '2025-11-11 10:23:58'),
(13, '20251110125813072_DEF456Y_VEHICLE_DETECTION_Hik__PLATE.jpg', '2025-11-11 10:23:58'),
(14, '20251110150831535_ABC123X_VEHICLE_DETECTION_Hik__PLATE.jpg', '2025-11-11 10:23:58');

-- --------------------------------------------------------

--
-- Estructura de tabla para la tabla `settings`
--

CREATE TABLE `settings` (
  `id` int(11) NOT NULL,
  `setting_key` varchar(100) COLLATE utf8mb4_unicode_ci NOT NULL,
  `setting_value` text COLLATE utf8mb4_unicode_ci,
  `created_at` timestamp NOT NULL DEFAULT CURRENT_TIMESTAMP,
  `updated_at` timestamp NOT NULL DEFAULT CURRENT_TIMESTAMP ON UPDATE CURRENT_TIMESTAMP
) ENGINE=InnoDB DEFAULT CHARSET=utf8mb4 COLLATE=utf8mb4_unicode_ci;

--
-- Volcado de datos para la tabla `settings`
--

INSERT INTO `settings` (`id`, `setting_key`, `setting_value`, `created_at`, `updated_at`) VALUES
(1, 'site_name', 'Control con IoT', '2025-10-28 17:45:46', '2025-10-29 06:29:13'),
(2, 'site_logo', '/uploads/logos/690abb45d77f2_1762310981.png', '2025-10-28 17:45:46', '2025-11-05 02:49:41'),
(3, 'system_email', 'sistema@dunas.com', '2025-10-28 17:45:46', '2025-10-28 17:47:11'),
(4, 'whatsapp_number', '', '2025-10-28 17:45:46', '2025-10-28 17:47:11'),
(5, 'contact_phone', '', '2025-10-28 17:45:46', '2025-10-28 17:47:11'),
(6, 'contact_phone_secondary', '', '2025-10-28 17:45:46', '2025-10-28 17:47:11'),
(7, 'business_hours_open', '08:00', '2025-10-28 17:45:46', '2025-10-28 17:47:11'),
(8, 'business_hours_close', '18:00', '2025-10-28 17:45:46', '2025-10-28 17:47:11'),
(9, 'shelly_api_url', '', '2025-10-28 17:45:46', '2025-11-03 19:06:03'),
(10, 'shelly_relay_open', '0', '2025-10-28 17:45:46', '2025-10-29 06:30:52'),
(11, 'shelly_relay_close', '1', '2025-10-28 17:45:46', '2025-10-29 06:30:52'),
(12, 'ticket_footer_message', 'Gracias por su preferencia. Para cualquier duda o aclaración contáctenos.', '2025-10-28 17:45:46', '2025-10-28 17:47:11'),
(115, 'theme_primary_color', '#6d912e', '2025-10-29 06:27:54', '2025-11-06 18:49:23'),
(116, 'theme_secondary_color', '#89ab38', '2025-10-29 06:27:54', '2025-11-06 18:49:23'),
(117, 'theme_accent_color', '#4c7639', '2025-10-29 06:27:54', '2025-11-06 18:49:23'),
(329, 'hikvision_api_url', '', '2025-11-03 17:41:51', '2025-11-03 17:41:51'),
(330, 'hikvision_username', '', '2025-11-03 17:41:51', '2025-11-03 17:41:51'),
(331, 'hikvision_password', '', '2025-11-03 17:41:51', '2025-11-03 17:41:51'),
(332, 'hikvision_verify_ssl', 'false', '2025-11-03 17:41:51', '2025-11-03 17:41:51');

-- --------------------------------------------------------

--
-- Estructura de tabla para la tabla `shelly_actions`
--

CREATE TABLE `shelly_actions` (
  `id` int(10) UNSIGNED NOT NULL,
  `device_id` int(10) UNSIGNED NOT NULL,
  `code` varchar(50) NOT NULL,
  `label` varchar(100) NOT NULL,
  `action_kind` enum('toggle','on','off','pulse') NOT NULL DEFAULT 'toggle',
  `channel` tinyint(3) UNSIGNED NOT NULL DEFAULT '0',
  `duration_ms` int(11) DEFAULT NULL,
  `is_default` tinyint(1) NOT NULL DEFAULT '0',
  `created_at` timestamp NOT NULL DEFAULT CURRENT_TIMESTAMP,
  `updated_at` timestamp NOT NULL DEFAULT CURRENT_TIMESTAMP ON UPDATE CURRENT_TIMESTAMP
) ENGINE=InnoDB DEFAULT CHARSET=utf8mb4;

--
-- Volcado de datos para la tabla `shelly_actions`
--

INSERT INTO `shelly_actions` (`id`, `device_id`, `code`, `label`, `action_kind`, `channel`, `duration_ms`, `is_default`, `created_at`, `updated_at`) VALUES
(57, 1, 'abrir_cerrar', 'Abrir/Cerrar', 'toggle', 1, NULL, 1, '2025-11-06 19:17:22', '2025-11-06 19:17:22'),
(58, 2, 'abrir_cerrar', 'Abrir/Cerrar', 'toggle', 0, NULL, 1, '2025-11-06 19:17:22', '2025-11-06 19:17:22');

-- --------------------------------------------------------

--
-- Estructura de tabla para la tabla `shelly_devices`
--

CREATE TABLE `shelly_devices` (
  `id` int(10) UNSIGNED NOT NULL,
  `name` varchar(100) NOT NULL DEFAULT 'Abrir/Cerrar',
  `auth_token` varchar(255) NOT NULL,
  `device_id` varchar(64) NOT NULL,
  `server_host` varchar(128) NOT NULL,
  `area` varchar(120) DEFAULT NULL,
  `active_channel` tinyint(3) UNSIGNED NOT NULL DEFAULT '0',
  `entry_channel` tinyint(4) NOT NULL DEFAULT '0' COMMENT 'Canal para apertura (entrada)',
  `exit_channel` tinyint(4) NOT NULL DEFAULT '1' COMMENT 'Canal para cierre (salida)',
  `pulse_duration_ms` int(11) NOT NULL DEFAULT '5000' COMMENT 'Duración del pulso en milisegundos',
  `channel_count` tinyint(3) UNSIGNED NOT NULL DEFAULT '4',
  `invert_sequence` tinyint(4) NOT NULL DEFAULT '1',
  `is_simultaneous` tinyint(4) NOT NULL DEFAULT '0',
  `is_enabled` tinyint(1) NOT NULL DEFAULT '1',
  `sort_order` int(11) NOT NULL DEFAULT '0',
  `created_at` timestamp NOT NULL DEFAULT CURRENT_TIMESTAMP,
  `updated_at` timestamp NOT NULL DEFAULT CURRENT_TIMESTAMP ON UPDATE CURRENT_TIMESTAMP
) ENGINE=InnoDB DEFAULT CHARSET=utf8mb4;

--
-- Volcado de datos para la tabla `shelly_devices`
--

INSERT INTO `shelly_devices` (`id`, `name`, `auth_token`, `device_id`, `server_host`, `area`, `active_channel`, `entry_channel`, `exit_channel`, `pulse_duration_ms`, `channel_count`, `invert_sequence`, `is_simultaneous`, `is_enabled`, `sort_order`, `created_at`, `updated_at`) VALUES
(1, 'Abrir/Cerrar', 'MzgwNjRhdWlk0574CFA7E6D9F34D8F306EB51648C8DA5D79A03333414C2FBF51CFA88A780F9867246CE317003A74', '34987A67DA6C', 'shelly-208-eu.shelly.cloud', 'Entrada Puerta 1', 1, 1, 0, 4000, 4, 1, 0, 1, 0, '2025-11-04 19:47:43', '2025-11-06 19:17:22'),
(2, 'Vacío', 'MzgwNjRhdWlk0574CFA7E6D9F34D8F306EB51648C8DA5D79A03333414C2FBF51CFA88A780F9867246CE317003A74', '8813BFD94E20', 'shelly-208-eu.shelly.cloud', 'Entrada Puerta 2', 0, 0, 1, 5000, 4, 1, 0, 0, 1, '2025-11-04 19:48:01', '2025-11-06 19:17:22');

-- --------------------------------------------------------

--
-- Estructura de tabla para la tabla `transactions`
--

CREATE TABLE `transactions` (
  `id` int(11) NOT NULL,
  `access_log_id` int(11) NOT NULL,
  `client_id` int(11) NOT NULL,
  `total_amount` decimal(10,2) NOT NULL,
  `liters_supplied` int(11) NOT NULL,
  `price_per_liter` decimal(10,2) NOT NULL,
  `payment_method` enum('cash','voucher','bank_transfer') COLLATE utf8mb4_unicode_ci NOT NULL,
  `payment_status` enum('paid','pending','cancelled') COLLATE utf8mb4_unicode_ci NOT NULL DEFAULT 'pending',
  `transaction_date` datetime NOT NULL,
  `notes` text COLLATE utf8mb4_unicode_ci,
  `created_at` timestamp NOT NULL DEFAULT CURRENT_TIMESTAMP,
  `updated_at` timestamp NOT NULL DEFAULT CURRENT_TIMESTAMP ON UPDATE CURRENT_TIMESTAMP
) ENGINE=InnoDB DEFAULT CHARSET=utf8mb4 COLLATE=utf8mb4_unicode_ci;

--
-- Volcado de datos para la tabla `transactions`
--

INSERT INTO `transactions` (`id`, `access_log_id`, `client_id`, `total_amount`, `liters_supplied`, `price_per_liter`, `payment_method`, `payment_status`, `transaction_date`, `notes`, `created_at`, `updated_at`) VALUES
(1, 1, 1, 50000.00, 10000, 5.00, 'bank_transfer', 'paid', '2024-10-27 09:30:00', NULL, '2025-10-28 11:30:16', '2025-10-28 11:30:16'),
(2, 2, 2, 67500.00, 15000, 4.50, 'voucher', 'paid', '2024-10-27 11:45:00', NULL, '2025-10-28 11:30:16', '2025-10-28 11:30:16'),
(3, 3, 3, 72000.00, 12000, 6.00, 'cash', 'paid', '2024-10-27 14:20:00', NULL, '2025-10-28 11:30:16', '2025-10-28 11:30:16');

-- --------------------------------------------------------

--
-- Estructura de tabla para la tabla `units`
--

CREATE TABLE `units` (
  `id` int(11) NOT NULL,
  `client_id` int(11) DEFAULT NULL,
  `driver_id` int(11) DEFAULT NULL,
  `plate_number` varchar(20) COLLATE utf8mb4_unicode_ci NOT NULL,
  `capacity_liters` int(11) NOT NULL,
  `brand` varchar(50) COLLATE utf8mb4_unicode_ci NOT NULL,
  `model` varchar(50) COLLATE utf8mb4_unicode_ci NOT NULL,
  `year` int(11) DEFAULT NULL,
  `serial_number` varchar(100) COLLATE utf8mb4_unicode_ci DEFAULT NULL,
  `photo` varchar(255) COLLATE utf8mb4_unicode_ci DEFAULT NULL,
  `status` enum('active','maintenance','inactive') COLLATE utf8mb4_unicode_ci NOT NULL DEFAULT 'active',
  `created_at` timestamp NOT NULL DEFAULT CURRENT_TIMESTAMP,
  `updated_at` timestamp NOT NULL DEFAULT CURRENT_TIMESTAMP ON UPDATE CURRENT_TIMESTAMP
) ENGINE=InnoDB DEFAULT CHARSET=utf8mb4 COLLATE=utf8mb4_unicode_ci;

--
-- Volcado de datos para la tabla `units`
--

INSERT INTO `units` (`id`, `client_id`, `driver_id`, `plate_number`, `capacity_liters`, `brand`, `model`, `year`, `serial_number`, `photo`, `status`, `created_at`, `updated_at`) VALUES
(1, 1, 1, 'ABC123X', 10000, 'Kenworth', 'T800', 2020, 'KW2020T800001', '6901b5db5c637_1761719771.png', 'active', '2025-10-28 11:30:16', '2025-11-11 16:25:18'),
(2, 1, 1, 'DEF456Y', 15000, 'Freightliner', 'M2', 2019, 'FL2019M2002', NULL, 'active', '2025-10-28 11:30:16', '2025-11-11 16:25:38'),
(3, 1, 1, 'GHI789Z', 12000, 'International', '4300', 2021, 'INT20214300003', NULL, 'active', '2025-10-28 11:30:16', '2025-11-11 16:25:43'),
(4, 1, 1, 'JKL012W', 10000, 'Kenworth', 'T370', 2018, 'KW2018T370004', NULL, 'maintenance', '2025-10-28 11:30:16', '2025-11-11 16:25:48');

-- --------------------------------------------------------

--
-- Estructura de tabla para la tabla `users`
--

CREATE TABLE `users` (
  `id` int(11) NOT NULL,
  `username` varchar(50) COLLATE utf8mb4_unicode_ci NOT NULL,
  `password` varchar(255) COLLATE utf8mb4_unicode_ci NOT NULL,
  `full_name` varchar(100) COLLATE utf8mb4_unicode_ci NOT NULL,
  `email` varchar(100) COLLATE utf8mb4_unicode_ci NOT NULL,
  `role` enum('admin','supervisor','operator','viewer','client') COLLATE utf8mb4_unicode_ci NOT NULL DEFAULT 'operator',
  `status` enum('active','inactive') COLLATE utf8mb4_unicode_ci NOT NULL DEFAULT 'active',
  `created_at` timestamp NOT NULL DEFAULT CURRENT_TIMESTAMP,
  `updated_at` timestamp NOT NULL DEFAULT CURRENT_TIMESTAMP ON UPDATE CURRENT_TIMESTAMP
) ENGINE=InnoDB DEFAULT CHARSET=utf8mb4 COLLATE=utf8mb4_unicode_ci;

--
-- Volcado de datos para la tabla `users`
--

INSERT INTO `users` (`id`, `username`, `password`, `full_name`, `email`, `role`, `status`, `created_at`, `updated_at`) VALUES
(1, 'admin', '$2y$10$zEikfhsc7kir9aIwXfK4ZOiovM0A0jTiDDWAw8WowQ.LXSlngCwI.', 'Juan Pérez Administrador', 'admin@dunas.com', 'admin', 'active', '2025-10-28 11:30:16', '2025-10-29 01:47:22'),
(2, 'supervisor', '$2y$10$m7LooB6aSh1pPyZNNMkoH.FH3oJMUKd2/t.zxPKyYkA25568d/hI6', 'María González Supervisor', 'supervisor@dunas.com', 'supervisor', 'active', '2025-10-28 11:30:16', '2025-10-28 15:05:09'),
(3, 'operator', '$2y$10$92IXUNpkjO0rOQ5byMi.Ye4oKoEa3Ro9llC/.og/at2.uheWG/igi', 'Carlos López Operador', 'operator@dunas.com', 'operator', 'active', '2025-10-28 11:30:16', '2025-10-28 11:30:16'),
(4, 'cliente1', '$2y$10$92IXUNpkjO0rOQ5byMi.Ye4oKoEa3Ro9llC/.og/at2.uheWG/igi', 'Roberto Martínez Cliente', 'cliente1@email.com', 'client', 'active', '2025-10-28 11:30:16', '2025-10-28 11:30:16'),
(5, 'danjohn', '$2y$10$suHuJNyjpe4YxDDvreO1BemmYZkGeBUcN/4jlJQ79AicnB6pklc1q', 'Dan Jonathan Raso Rios', 'dan@impactosdigitales.com', 'client', 'active', '2025-10-29 06:43:11', '2025-10-29 12:11:40'),
(6, 'Pechan', '$2y$10$DiLPXN3OrIl6fCPhoW56Iu5WZzzW/B8Dz4BXDbrGhpzwQHHR3Ly9q', 'Elias Raso', 'elias@laptopfix.com.mx', 'supervisor', 'active', '2025-10-29 06:44:31', '2025-10-29 06:44:31');

--
-- Índices para tablas volcadas
--

--
-- Indices de la tabla `access_logs`
--
ALTER TABLE `access_logs`
  ADD PRIMARY KEY (`id`),
  ADD UNIQUE KEY `ticket_code` (`ticket_code`),
  ADD KEY `driver_id` (`driver_id`),
  ADD KEY `unit_id` (`unit_id`),
  ADD KEY `client_id` (`client_id`),
  ADD KEY `idx_entry_datetime` (`entry_datetime`),
  ADD KEY `idx_exit_datetime` (`exit_datetime`),
  ADD KEY `idx_ticket_code` (`ticket_code`),
  ADD KEY `idx_status` (`status`),
  ADD KEY `idx_access_entry_status` (`entry_datetime`,`status`),
  ADD KEY `idx_license_plate_reading` (`license_plate_reading`);

--
-- Indices de la tabla `clients`
--
ALTER TABLE `clients`
  ADD PRIMARY KEY (`id`),
  ADD KEY `user_id` (`user_id`),
  ADD KEY `idx_rfc_curp` (`rfc_curp`),
  ADD KEY `idx_client_type` (`client_type`),
  ADD KEY `idx_status` (`status`),
  ADD KEY `idx_client_type_status` (`client_type`,`status`);

--
-- Indices de la tabla `detected_plates`
--
ALTER TABLE `detected_plates`
  ADD PRIMARY KEY (`id`),
  ADD KEY `idx_plate_text` (`plate_text`),
  ADD KEY `idx_captured_at` (`captured_at`);

--
-- Indices de la tabla `drivers`
--
ALTER TABLE `drivers`
  ADD PRIMARY KEY (`id`),
  ADD KEY `idx_license_number` (`license_number`),
  ADD KEY `idx_status` (`status`),
  ADD KEY `idx_license_expiry` (`license_expiry`),
  ADD KEY `idx_client_id` (`client_id`);

--
-- Indices de la tabla `driver_unit_assignments`
--
ALTER TABLE `driver_unit_assignments`
  ADD PRIMARY KEY (`id`),
  ADD KEY `idx_driver_id` (`driver_id`),
  ADD KEY `idx_unit_id` (`unit_id`),
  ADD KEY `idx_assigned_date` (`assigned_date`);

--
-- Indices de la tabla `hikvision_devices`
--
ALTER TABLE `hikvision_devices`
  ADD PRIMARY KEY (`id`),
  ADD KEY `idx_device_type` (`device_type`),
  ADD KEY `idx_is_enabled` (`is_enabled`),
  ADD KEY `idx_sort_order` (`sort_order`);

--
-- Indices de la tabla `maintenance_history`
--
ALTER TABLE `maintenance_history`
  ADD PRIMARY KEY (`id`),
  ADD KEY `idx_unit_id` (`unit_id`),
  ADD KEY `idx_maintenance_date` (`maintenance_date`);

--
-- Indices de la tabla `processed_plate_files`
--
ALTER TABLE `processed_plate_files`
  ADD PRIMARY KEY (`id`),
  ADD UNIQUE KEY `uq_filename` (`filename`);

--
-- Indices de la tabla `settings`
--
ALTER TABLE `settings`
  ADD PRIMARY KEY (`id`),
  ADD UNIQUE KEY `setting_key` (`setting_key`),
  ADD KEY `idx_setting_key` (`setting_key`);

--
-- Indices de la tabla `shelly_actions`
--
ALTER TABLE `shelly_actions`
  ADD PRIMARY KEY (`id`),
  ADD UNIQUE KEY `uniq_device_code_default` (`device_id`,`code`,`is_default`),
  ADD KEY `idx_actions_device` (`device_id`);

--
-- Indices de la tabla `shelly_devices`
--
ALTER TABLE `shelly_devices`
  ADD PRIMARY KEY (`id`),
  ADD UNIQUE KEY `uniq_device_server` (`device_id`,`server_host`),
  ADD KEY `idx_shelly_devices_enabled_order` (`is_enabled`,`sort_order`,`id`);

--
-- Indices de la tabla `transactions`
--
ALTER TABLE `transactions`
  ADD PRIMARY KEY (`id`),
  ADD KEY `access_log_id` (`access_log_id`),
  ADD KEY `idx_client_id` (`client_id`),
  ADD KEY `idx_transaction_date` (`transaction_date`),
  ADD KEY `idx_payment_status` (`payment_status`),
  ADD KEY `idx_transaction_date_status` (`transaction_date`,`payment_status`);

--
-- Indices de la tabla `units`
--
ALTER TABLE `units`
  ADD PRIMARY KEY (`id`),
  ADD UNIQUE KEY `plate_number` (`plate_number`),
  ADD KEY `idx_plate_number` (`plate_number`),
  ADD KEY `idx_status` (`status`),
  ADD KEY `idx_client_id` (`client_id`),
  ADD KEY `idx_driver_id` (`driver_id`);

--
-- Indices de la tabla `users`
--
ALTER TABLE `users`
  ADD PRIMARY KEY (`id`),
  ADD UNIQUE KEY `username` (`username`),
  ADD UNIQUE KEY `email` (`email`),
  ADD KEY `idx_username` (`username`),
  ADD KEY `idx_role` (`role`),
  ADD KEY `idx_status` (`status`);

--
-- AUTO_INCREMENT de las tablas volcadas
--

--
-- AUTO_INCREMENT de la tabla `access_logs`
--
ALTER TABLE `access_logs`
  MODIFY `id` int(11) NOT NULL AUTO_INCREMENT, AUTO_INCREMENT=191;

--
-- AUTO_INCREMENT de la tabla `clients`
--
ALTER TABLE `clients`
  MODIFY `id` int(11) NOT NULL AUTO_INCREMENT, AUTO_INCREMENT=8;

--
-- AUTO_INCREMENT de la tabla `detected_plates`
--
ALTER TABLE `detected_plates`
  MODIFY `id` int(11) NOT NULL AUTO_INCREMENT, AUTO_INCREMENT=15;

--
-- AUTO_INCREMENT de la tabla `drivers`
--
ALTER TABLE `drivers`
  MODIFY `id` int(11) NOT NULL AUTO_INCREMENT, AUTO_INCREMENT=13;

--
-- AUTO_INCREMENT de la tabla `driver_unit_assignments`
--
ALTER TABLE `driver_unit_assignments`
  MODIFY `id` int(11) NOT NULL AUTO_INCREMENT, AUTO_INCREMENT=5;

--
-- AUTO_INCREMENT de la tabla `hikvision_devices`
--
ALTER TABLE `hikvision_devices`
  MODIFY `id` int(11) NOT NULL AUTO_INCREMENT, AUTO_INCREMENT=2;

--
-- AUTO_INCREMENT de la tabla `maintenance_history`
--
ALTER TABLE `maintenance_history`
  MODIFY `id` int(11) NOT NULL AUTO_INCREMENT, AUTO_INCREMENT=4;

--
-- AUTO_INCREMENT de la tabla `processed_plate_files`
--
ALTER TABLE `processed_plate_files`
  MODIFY `id` int(11) NOT NULL AUTO_INCREMENT, AUTO_INCREMENT=15;

--
-- AUTO_INCREMENT de la tabla `settings`
--
ALTER TABLE `settings`
  MODIFY `id` int(11) NOT NULL AUTO_INCREMENT, AUTO_INCREMENT=467;

--
-- AUTO_INCREMENT de la tabla `shelly_actions`
--
ALTER TABLE `shelly_actions`
  MODIFY `id` int(10) UNSIGNED NOT NULL AUTO_INCREMENT, AUTO_INCREMENT=59;

--
-- AUTO_INCREMENT de la tabla `shelly_devices`
--
ALTER TABLE `shelly_devices`
  MODIFY `id` int(10) UNSIGNED NOT NULL AUTO_INCREMENT, AUTO_INCREMENT=3;

--
-- AUTO_INCREMENT de la tabla `transactions`
--
ALTER TABLE `transactions`
  MODIFY `id` int(11) NOT NULL AUTO_INCREMENT, AUTO_INCREMENT=4;

--
-- AUTO_INCREMENT de la tabla `units`
--
ALTER TABLE `units`
  MODIFY `id` int(11) NOT NULL AUTO_INCREMENT, AUTO_INCREMENT=6;

--
-- AUTO_INCREMENT de la tabla `users`
--
ALTER TABLE `users`
  MODIFY `id` int(11) NOT NULL AUTO_INCREMENT, AUTO_INCREMENT=8;

--
-- Restricciones para tablas volcadas
--

--
-- Filtros para la tabla `access_logs`
--
ALTER TABLE `access_logs`
  ADD CONSTRAINT `access_logs_ibfk_1` FOREIGN KEY (`driver_id`) REFERENCES `drivers` (`id`),
  ADD CONSTRAINT `access_logs_ibfk_2` FOREIGN KEY (`unit_id`) REFERENCES `units` (`id`),
  ADD CONSTRAINT `access_logs_ibfk_3` FOREIGN KEY (`client_id`) REFERENCES `clients` (`id`);

--
-- Filtros para la tabla `clients`
--
ALTER TABLE `clients`
  ADD CONSTRAINT `clients_ibfk_1` FOREIGN KEY (`user_id`) REFERENCES `users` (`id`) ON DELETE SET NULL;

--
-- Filtros para la tabla `drivers`
--
ALTER TABLE `drivers`
  ADD CONSTRAINT `fk_drivers_client` FOREIGN KEY (`client_id`) REFERENCES `clients` (`id`);

--
-- Filtros para la tabla `driver_unit_assignments`
--
ALTER TABLE `driver_unit_assignments`
  ADD CONSTRAINT `driver_unit_assignments_ibfk_1` FOREIGN KEY (`driver_id`) REFERENCES `drivers` (`id`) ON DELETE CASCADE,
  ADD CONSTRAINT `driver_unit_assignments_ibfk_2` FOREIGN KEY (`unit_id`) REFERENCES `units` (`id`) ON DELETE CASCADE;

--
-- Filtros para la tabla `maintenance_history`
--
ALTER TABLE `maintenance_history`
  ADD CONSTRAINT `maintenance_history_ibfk_1` FOREIGN KEY (`unit_id`) REFERENCES `units` (`id`) ON DELETE CASCADE;

--
-- Filtros para la tabla `shelly_actions`
--
ALTER TABLE `shelly_actions`
  ADD CONSTRAINT `fk_actions_device` FOREIGN KEY (`device_id`) REFERENCES `shelly_devices` (`id`) ON DELETE CASCADE;

--
-- Filtros para la tabla `transactions`
--
ALTER TABLE `transactions`
  ADD CONSTRAINT `transactions_ibfk_1` FOREIGN KEY (`access_log_id`) REFERENCES `access_logs` (`id`) ON DELETE CASCADE,
  ADD CONSTRAINT `transactions_ibfk_2` FOREIGN KEY (`client_id`) REFERENCES `clients` (`id`);

--
-- Filtros para la tabla `units`
--
ALTER TABLE `units`
  ADD CONSTRAINT `fk_units_client` FOREIGN KEY (`client_id`) REFERENCES `clients` (`id`),
  ADD CONSTRAINT `fk_units_driver` FOREIGN KEY (`driver_id`) REFERENCES `drivers` (`id`);
COMMIT;

/*!40101 SET CHARACTER_SET_CLIENT=@OLD_CHARACTER_SET_CLIENT */;
/*!40101 SET CHARACTER_SET_RESULTS=@OLD_CHARACTER_SET_RESULTS */;
/*!40101 SET COLLATION_CONNECTION=@OLD_COLLATION_CONNECTION */;
